{
  "requirements": [
    {
      "description": "1 - Crie o endpoint GET /talker",
      "bonus": false
    },
    {
      "description": "2 - Crie o endpoint GET /talker/:id",
      "bonus": false
    },
    {
      "description": "3 - Crie o endpoint POST /login",
      "bonus": false
    },
    {
      "description": "4 - Adicione as validações para o endpoint /login",
      "bonus": false
    },
    {
      "description": "5 - Crie o endpoint POST /talker",
      "bonus": false
    },
    {
      "description": "6 - Crie o endpoint PUT /talker/:id",
      "bonus": false
    },
    {
      "description": "7 - Crie o endpoint DELETE /talker/:id",
      "bonus": false
    },
    {
      "description": "8 - Crie o endpoint GET /talker/search?q=searchTerm",
      "bonus": false
    }
  ]
}